job_title,location,post_date,link,scraped_at
Careers,,,https://www.ibps.in/index.php/careers/,2025-11-06T08:55:23.792482+00:00
View All,,,https://www.ibps.in/index.php/recruitment,2025-11-06T08:55:24.563564+00:00
PNBRecruitment of Local Bank Officer in JMGS IRegistration From03-Nov-25,,,https://ibpsreg.ibps.in/pnboct25/,2025-11-06T08:55:25.319132+00:00
AIIMSRecruitment to Various Non-faculty PostsRegistration From01-Nov-25,,,https://ibpsreg.ibps.in/aiimsgoct25/,2025-11-06T08:55:26.080977+00:00
SEBIRecruitment of Officer Grade A (Assistant Manager) 2025Registration From30-Oct-25,,,https://ibpsreg.ibps.in/sebisep25/,2025-11-06T08:55:26.795407+00:00
MEDARecruitment of Various PostsRegistration From29-Oct-25,,,https://ibpsreg.ibps.in/medasep25/,2025-11-06T08:55:27.542316+00:00
MSCEPRecruitment of Cluster Resource Center Co-ordinator (Cluster Head)Registration From25-Oct-25,,,https://ibpsreg.ibps.in/mscepoct25/,2025-11-06T08:55:28.262630+00:00
DCCBRecruitment of Staff AssistantRegistration From18-Oct-25,,,https://ibpsreg.ibps.in/dccbsep25/,2025-11-06T08:55:29.042519+00:00
MOILRecruitment of Various PostsRegistration From17-Oct-25,,,https://ibpsreg.ibps.in/moilsep25/,2025-11-06T08:55:29.879490+00:00
CWCRecruitment of Various PostsRegistration From17-Oct-25,,,https://ibpsreg.ibps.in/cwcsep25/,2025-11-06T08:55:30.689020+00:00
RECRUITMENT EXAMS,,,https://www.ibps.in/index.php/recruitment/,2025-11-06T08:55:31.491847+00:00
CAREERS,,,https://www.ibps.in/index.php/careers,2025-11-06T08:55:32.243700+00:00
"Personnel Selection Services for Recruitment, Promotion and Placement",,,https://www.ibps.in/index.php/services,2025-11-06T08:55:32.992670+00:00
